fve_base_think_start,fve_ft_think_start,fve_base_think_end,fve_ft_think_end
0.9308809041976929,0.9968474507331848,0.8423701524734497,0.9767649173736572
0.9235767722129822,0.9950299263000488,0.861007571220398,0.9675561189651489
0.8237779140472412,0.988535463809967,0.9013939499855042,0.9348132610321045
0.9599698781967163,0.9972977638244629,0.960858941078186,0.9940869808197021
0.9178981781005859,0.995032787322998,0.914222002029419,0.985638439655304
0.9024078845977783,0.9918188452720642,0.9149520397186279,0.986463725566864
0.9299397468566895,0.9936004281044006,0.910094678401947,0.9841206669807434
0.9498883485794067,0.9960001111030579,0.9007501006126404,0.9343212246894836
0.9373101592063904,0.9956278204917908,0.8574947118759155,0.9848149418830872
0.919732928276062,0.995525598526001,0.9285765886306763,0.9840876460075378
0.9344027638435364,0.9957267642021179,0.9273265600204468,0.9880919456481934
0.9352041482925415,0.9944383502006531,0.9153254628181458,0.978139340877533
0.9257981777191162,0.9957801699638367,0.9395244717597961,0.9902172684669495
0.9382107853889465,0.9952014088630676,0.9407823085784912,0.9914661049842834
0.9454315304756165,0.9968068599700928,0.9220021367073059,0.987263023853302
0.8964115977287292,0.9942454099655151,0.9000654816627502,0.9815555810928345
0.9168071746826172,0.9868060946464539,0.8664369583129883,0.9229331612586975
0.9510918855667114,0.9970767498016357,0.9403588175773621,0.9916290044784546
0.9283105134963989,0.9968507885932922,0.9454432725906372,0.984115719795227
0.9286507964134216,0.9954036474227905,0.8727091550827026,0.9821963310241699
0.9424583315849304,0.9964056611061096,0.9598667621612549,0.9910901784896851
0.8720211386680603,0.9919207096099854,0.8827635645866394,0.9806520342826843
0.9532862901687622,0.9972859621047974,0.9308192729949951,0.9859954714775085
0.9262385368347168,0.9959868788719177,0.930594801902771,0.9907398819923401
0.9142742156982422,0.9966480731964111,0.9598149061203003,0.9912781715393066
0.9072107672691345,0.990765392780304,0.7893568873405457,0.8537197113037109
0.940679132938385,0.9963348507881165,0.8726449608802795,0.9750024676322937
0.9454534649848938,0.9954507946968079,0.933803915977478,0.988816499710083
0.9183598756790161,0.9933075904846191,0.9399706125259399,0.9881841540336609
0.9470142722129822,0.9961950182914734,0.9226710200309753,0.9881245493888855
0.8992136120796204,0.9914985299110413,0.8986279368400574,0.9896724820137024
0.9572828412055969,0.9965347051620483,0.9396604895591736,0.9894054532051086
0.9284504055976868,0.9920036196708679,0.807529091835022,0.9433266520500183
0.9090197682380676,0.9943765997886658,0.7491995096206665,0.9441839456558228
0.9077226519584656,0.9941371083259583,0.8088862895965576,0.895058274269104
0.8877751231193542,0.9939202666282654,0.9368470907211304,0.9911749958992004
0.851997971534729,0.9906436800956726,0.9355084300041199,0.9884763360023499
0.9394968748092651,0.9949608445167542,0.9122288823127747,0.982884407043457
0.9535490274429321,0.9976896643638611,0.8004125356674194,0.9607548117637634
0.9412546157836914,0.995951235294342,0.9460644721984863,0.9894158244132996
0.8891673684120178,0.9961099028587341,0.8247854709625244,0.9464927315711975
0.8215858936309814,0.9899224042892456,0.9324356913566589,0.9834917783737183
0.9371462464332581,0.9964039921760559,0.9516046643257141,0.9910192489624023
0.893440842628479,0.9937359690666199,0.8610063195228577,0.9799569249153137
0.9556502103805542,0.9970263838768005,0.9550221562385559,0.9884757995605469
0.9357470273971558,0.9951667189598083,0.9397643208503723,0.9852971434593201
0.9578368663787842,0.9963258504867554,0.897183895111084,0.9874706864356995
0.9435276985168457,0.9959562420845032,0.9417163133621216,0.9894075989723206
0.9018381834030151,0.9906884431838989,0.8494195938110352,0.9719364643096924
0.9042878746986389,0.9928951263427734,0.8893961310386658,0.9806039333343506
0.9357733726501465,0.9966654777526855,0.9323564171791077,0.9925206303596497
0.9481063485145569,0.9965126514434814,0.9505339860916138,0.9895137548446655
0.9501416683197021,0.9958623051643372,0.9470305442810059,0.9897833466529846
0.9258654117584229,0.9945707321166992,0.9146859645843506,0.9844574928283691
0.9326835870742798,0.9951213002204895,0.9458019137382507,0.9837054014205933
0.9357740879058838,0.9946461319923401,0.9478975534439087,0.9840735197067261
0.9371009469032288,0.9946942925453186,0.9199495315551758,0.9862581491470337
0.9113560914993286,0.9888472557067871,0.9374799132347107,0.9808529019355774
0.8857635855674744,0.9939419031143188,0.9020057916641235,0.9832913875579834
0.95441734790802,0.9966845512390137,0.9190531373023987,0.9873892664909363
0.9396151900291443,0.9961633682250977,0.9277507066726685,0.9883743524551392
0.8908618092536926,0.991084635257721,0.9356992244720459,0.9825553894042969
0.8898664116859436,0.9926692247390747,0.8860321640968323,0.9850850701332092
0.7054750323295593,0.9789811372756958,0.8789663314819336,0.9818650484085083
0.9127622842788696,0.9955633282661438,0.9134058952331543,0.9828701019287109
0.9134995937347412,0.9935715794563293,0.9178518652915955,0.9891767501831055
0.9502061605453491,0.9972243309020996,0.9373753070831299,0.9911220669746399
0.9467839002609253,0.9942800402641296,0.8010106682777405,0.8876550793647766
0.9475594162940979,0.9970072507858276,0.888323962688446,0.979421079158783
0.8714362978935242,0.9935420155525208,0.9152392148971558,0.9815956950187683
0.9250461459159851,0.9960014224052429,0.915093719959259,0.9877607226371765
0.8921247124671936,0.9941778779029846,0.9525335431098938,0.9904388189315796
0.9429901838302612,0.9958483576774597,0.9238327741622925,0.9854544997215271
0.9152358770370483,0.9955946207046509,0.9107710123062134,0.9849143028259277
0.9408081769943237,0.9955871105194092,0.8465043306350708,0.9102339744567871
0.9047383666038513,0.9929012060165405,0.8272131681442261,0.919073760509491
0.9466345310211182,0.9967172145843506,0.8429272174835205,0.9521952867507935
0.8954019546508789,0.9900538325309753,0.8303841948509216,0.9112071394920349
0.9485849738121033,0.9970434308052063,0.9235331416130066,0.9918404221534729
0.9250600934028625,0.9946271777153015,0.9449027180671692,0.9879993796348572
0.9439828991889954,0.9968256950378418,0.9494741559028625,0.9931190609931946
0.9174402356147766,0.9950123429298401,0.8500828146934509,0.9675992131233215
0.9530981779098511,0.9968489408493042,0.8823546171188354,0.9825716018676758
0.915749728679657,0.995895266532898,0.9255373477935791,0.9881394505500793
0.9335022568702698,0.993946373462677,0.923912525177002,0.9917287826538086
0.9128552079200745,0.994685173034668,0.9372228980064392,0.987679660320282
0.9152162671089172,0.9943194389343262,0.9392615556716919,0.9846242666244507
0.8925458192825317,0.9953588843345642,0.9333407282829285,0.9874320030212402
0.887600302696228,0.9928560256958008,0.8936408162117004,0.981284499168396
0.9185917973518372,0.9944446682929993,0.9436812996864319,0.9865464568138123
0.9425187110900879,0.9961143732070923,0.9406579732894897,0.9872286915779114
0.9071894884109497,0.9926007390022278,0.8414785861968994,0.9254833459854126
0.9253147840499878,0.9961455464363098,0.9150718450546265,0.9797989726066589
0.8899407386779785,0.9945089817047119,0.897297739982605,0.9872078895568848
0.9074715375900269,0.9938323497772217,0.8816758990287781,0.9785455465316772
0.9293919205665588,0.9945157766342163,0.8314812779426575,0.942950963973999
0.933263897895813,0.9958493709564209,0.8175057172775269,0.9649048447608948
0.9083999395370483,0.9928728342056274,0.8640072345733643,0.968919575214386
0.8892238140106201,0.9950925707817078,0.9022266864776611,0.9827028512954712
0.9423974752426147,0.9961363673210144,0.8657991886138916,0.9772260785102844
0.8698952794075012,0.9933129549026489,0.9464336633682251,0.9892989993095398
0.9550191164016724,0.9973387122154236,0.9104638695716858,0.988142728805542
0.925399661064148,0.9936696290969849,0.8423821330070496,0.9529549479484558
0.9381138682365417,0.9927460551261902,0.8325899243354797,0.9711418151855469
0.9536283612251282,0.9969052076339722,0.9179316759109497,0.9843019247055054
0.9150707721710205,0.9940430521965027,0.9454479217529297,0.9876832365989685
0.9318709969520569,0.9959348440170288,0.9497383832931519,0.9927616715431213
0.9468021988868713,0.9963203072547913,0.9236705303192139,0.9867421388626099
0.8872084021568298,0.9941291213035583,0.90221107006073,0.9858686327934265
0.9279357194900513,0.9955680966377258,0.8405836820602417,0.9772050380706787
0.9235550165176392,0.9959039092063904,0.8233351707458496,0.9096378087997437
0.9363828897476196,0.9927327036857605,0.9144917726516724,0.9875465631484985
0.9148852825164795,0.9907518029212952,0.8704869747161865,0.9811235070228577
0.9112691879272461,0.9924277067184448,0.8926104307174683,0.9840345978736877
0.9341118335723877,0.9936513304710388,0.9209182262420654,0.9896152019500732
0.8872027397155762,0.9919557571411133,0.9438318014144897,0.9875116348266602
0.9157498478889465,0.9896214008331299,0.8746446371078491,0.9649186730384827
0.9279152154922485,0.9953191876411438,0.8084683418273926,0.9513069987297058
0.9406366944313049,0.9950410723686218,0.8931666016578674,0.9893695116043091
0.8784777522087097,0.9918518662452698,0.9196817278862,0.9875343441963196
0.7592422962188721,0.9891954064369202,0.9026810526847839,0.981040894985199
0.9500868320465088,0.9962953329086304,0.9335150122642517,0.9923142194747925
0.9353395104408264,0.9957388639450073,0.9155069589614868,0.9805506467819214
0.955234169960022,0.9948163032531738,0.8999140858650208,0.9817243814468384
0.802191436290741,0.987554669380188,0.8452010154724121,0.9310706853866577
0.9467008113861084,0.9961912035942078,0.8543087840080261,0.9772663712501526
0.9431127309799194,0.9932492971420288,0.8886169195175171,0.9649997353553772
0.7950693368911743,0.9898936152458191,0.8660894632339478,0.9582602977752686
0.9154243469238281,0.9953349828720093,0.8566855192184448,0.9569726586341858
0.9124844074249268,0.992387056350708,0.8627917766571045,0.9806182384490967
0.9115299582481384,0.9947724342346191,0.9511162638664246,0.9916385412216187
0.8173007965087891,0.9758580923080444,0.852654218673706,0.9178875684738159
0.9083394408226013,0.9947423934936523,0.9528781771659851,0.9849520325660706
0.8581540584564209,0.9940524101257324,0.9336806535720825,0.9845462441444397
0.8960256576538086,0.987423300743103,0.9482436180114746,0.9923171997070312
0.9094173908233643,0.9832856059074402,0.7812924385070801,0.8775132298469543
0.9311440587043762,0.9936075210571289,0.9349424839019775,0.9912022352218628
0.9158264994621277,0.9951967000961304,0.9211534261703491,0.9882698059082031
0.9349179267883301,0.9967448115348816,0.8559656739234924,0.9836523532867432
0.9533025026321411,0.9957312941551208,0.9034701585769653,0.9853596091270447
0.8800145387649536,0.9900939464569092,0.88174968957901,0.9826172590255737
0.9488632082939148,0.9965895414352417,0.8682109713554382,0.9500465989112854
0.9611456394195557,0.9973746538162231,0.9427003860473633,0.9931646585464478
0.8943341374397278,0.996082603931427,0.8278132677078247,0.958850085735321
0.7436457872390747,0.9897915124893188,0.9311063289642334,0.990411639213562
0.9637401103973389,0.9972848296165466,0.9162792563438416,0.98478764295578
0.9290847778320312,0.9961772561073303,0.9309457540512085,0.9843689799308777
0.9389471411705017,0.9962603449821472,0.9061228036880493,0.985194981098175
0.7551895380020142,0.9828826189041138,0.8894240856170654,0.926754891872406
0.9175772070884705,0.9860062599182129,0.9064809083938599,0.9872326850891113
0.905083954334259,0.9872289896011353,0.9122908115386963,0.9437000155448914
0.9369333386421204,0.99603271484375,0.842017412185669,0.9733682870864868
0.8964493274688721,0.9939721822738647,0.9380322098731995,0.9714914560317993
0.8825051784515381,0.9829080104827881,0.9072262644767761,0.9806898236274719
0.9170506000518799,0.994016706943512,0.8410532474517822,0.9517200589179993
0.8730759024620056,0.9927191734313965,0.9343301057815552,0.9899172782897949
0.9446029663085938,0.9966487288475037,0.9564956426620483,0.9922119379043579
0.9299036264419556,0.9955151677131653,0.9290517568588257,0.9822779297828674
0.9374932646751404,0.9976072311401367,0.8040743470191956,0.8653981685638428
0.9216716885566711,0.9967811703681946,0.9217753410339355,0.98403000831604
0.8943144679069519,0.9953761696815491,0.8951525688171387,0.9694214463233948
0.9243600368499756,0.994892954826355,0.8510163426399231,0.9790464639663696
0.8727335929870605,0.9958466291427612,0.940725564956665,0.9914572834968567
0.9492162466049194,0.9969837665557861,0.8019335865974426,0.8662998676300049
0.892164945602417,0.9927253723144531,0.9516449570655823,0.9901266694068909
0.8696703314781189,0.9951013922691345,0.8976644277572632,0.9846351742744446
0.9156725406646729,0.9909026026725769,0.869540274143219,0.9796314239501953
0.9122987985610962,0.9942512512207031,0.9345512390136719,0.9845625758171082
0.932120144367218,0.993716299533844,0.9374966621398926,0.9872904419898987
0.9503645300865173,0.9970459342002869,0.894834041595459,0.9813821315765381
0.9423990249633789,0.9956914186477661,0.9331085681915283,0.9835176467895508
0.934099018573761,0.9966039657592773,0.8682481050491333,0.9552419781684875
0.7887610197067261,0.9841626286506653,0.8456906676292419,0.962939977645874
0.8832681179046631,0.9936562180519104,0.9277144074440002,0.9770525693893433
0.9338086843490601,0.9944862127304077,0.9187514185905457,0.9835814237594604
0.8848214745521545,0.9883111715316772,0.8705780506134033,0.9602224826812744
0.934397280216217,0.9971211552619934,0.9022208452224731,0.9872240424156189
0.9515665173530579,0.9964243173599243,0.8831288814544678,0.9684974551200867
0.9370798468589783,0.9959291815757751,0.8072443008422852,0.9326915144920349
0.9226837158203125,0.9960665702819824,0.8987624049186707,0.9807649254798889
0.8632292747497559,0.9930339455604553,0.9406188726425171,0.9892260432243347
0.907721221446991,0.9936769008636475,0.8251211643218994,0.9512302875518799
0.9541343450546265,0.9967950582504272,0.9346372485160828,0.9815688729286194
0.9524433612823486,0.9975695610046387,0.912512481212616,0.9877036213874817
0.9261822700500488,0.9954090118408203,0.905772864818573,0.9911673069000244
0.9291579723358154,0.9945598244667053,0.9080778956413269,0.9788184762001038
0.8952251672744751,0.9939253330230713,0.8786990642547607,0.9790287017822266
0.8232778310775757,0.9888832569122314,0.8495621085166931,0.9669140577316284
0.958573043346405,0.9971057176589966,0.8882049918174744,0.980981171131134
0.8449299931526184,0.9936848282814026,0.8450657725334167,0.930522620677948
0.8913585543632507,0.9942629337310791,0.9327379465103149,0.9836285710334778
0.9375778436660767,0.9965865015983582,0.927003026008606,0.9886077642440796
0.9423703551292419,0.9967450499534607,0.8897480964660645,0.9793282151222229
0.9190208911895752,0.9960605502128601,0.8734989166259766,0.9817582368850708
0.9017693996429443,0.9952406287193298,0.9383018612861633,0.9875730276107788
0.9355589747428894,0.9918831586837769,0.8763706088066101,0.9744375944137573
0.9039214253425598,0.9957733154296875,0.9303263425827026,0.985231876373291
0.857345461845398,0.9935128092765808,0.9210092425346375,0.9899500012397766
0.9342406988143921,0.9956881999969482,0.9536796808242798,0.9904670715332031
0.8735136389732361,0.9923385977745056,0.8990447521209717,0.9870846271514893
0.9193503856658936,0.9962065815925598,0.926429033279419,0.9847949743270874
0.9086518287658691,0.9933990240097046,0.8225033283233643,0.9542367458343506
0.9409419298171997,0.9943912625312805,0.8202005624771118,0.9202224016189575
0.9539130926132202,0.9957882761955261,0.8109249472618103,0.9386624693870544
0.9040687680244446,0.9916744828224182,0.8676899671554565,0.9763262271881104
0.9331666231155396,0.9945535063743591,0.8151242733001709,0.9536442756652832
0.9011561274528503,0.9939826130867004,0.8977227210998535,0.9842780232429504
0.8887826800346375,0.9889367818832397,0.887846827507019,0.9822028875350952
0.8953871726989746,0.9884746670722961,0.9382438063621521,0.9856185913085938
0.9258486032485962,0.9959116578102112,0.8591996431350708,0.9752604961395264
0.8659838438034058,0.992961585521698,0.9183617830276489,0.9875016808509827
0.9340193271636963,0.9961459040641785,0.9478820562362671,0.9876611232757568
0.9308618307113647,0.9951017498970032,0.900383710861206,0.9819746017456055
0.9135012626647949,0.9960777759552002,0.9105238914489746,0.9864853024482727
0.9574482440948486,0.9966053366661072,0.9554753303527832,0.9916700720787048
0.8773138523101807,0.9920685887336731,0.921632707118988,0.9857444763183594
0.8798267841339111,0.9926284551620483,0.9018923044204712,0.9828515648841858
0.9531715512275696,0.9966424703598022,0.8595993518829346,0.9819731712341309
0.8833625912666321,0.9925059676170349,0.9228093028068542,0.9848382472991943
0.934753954410553,0.9958348274230957,0.8903719782829285,0.9874337911605835
0.9486086368560791,0.9964627027511597,0.9214621186256409,0.9820820093154907
0.9349897503852844,0.9944550395011902,0.9386404752731323,0.9903843402862549
0.9187753200531006,0.9953079223632812,0.923220694065094,0.9826105833053589
0.9226449728012085,0.9921553134918213,0.9087109565734863,0.9892017841339111
0.853423535823822,0.991906464099884,0.9221310615539551,0.9799100160598755
0.9371867179870605,0.9959190487861633,0.9481799602508545,0.9889999628067017
0.8056893944740295,0.9901283383369446,0.9188497066497803,0.9773437976837158
0.9113002419471741,0.9936007261276245,0.9548799395561218,0.9903407096862793
0.8002909421920776,0.9885733127593994,0.9363287091255188,0.9843675494194031
0.9222095012664795,0.9962915182113647,0.8081884384155273,0.9021768569946289
0.9169453382492065,0.992419958114624,0.9568374752998352,0.9876723885536194
0.934842050075531,0.9959957599639893,0.9529263377189636,0.9911988377571106
0.9190295338630676,0.9868946671485901,0.9307947754859924,0.9804497957229614
0.8707870244979858,0.9882245659828186,0.8132178783416748,0.8511656522750854
0.9467952847480774,0.9969390630722046,0.9020956158638,0.983519971370697
0.9216762781143188,0.9927845001220703,0.9295228123664856,0.9893784523010254
0.8915213942527771,0.9934067130088806,0.8947332501411438,0.9876630902290344
0.9255061149597168,0.9945273995399475,0.901007890701294,0.9838202595710754
0.9327216148376465,0.9948955178260803,0.9315914511680603,0.9881554245948792
0.8922833204269409,0.9960290789604187,0.9103530049324036,0.9850716590881348
0.9209824800491333,0.9943413734436035,0.8118566870689392,0.9255521893501282
0.9098825454711914,0.9958410263061523,0.9173019528388977,0.9895869493484497
0.9643071889877319,0.9961569309234619,0.8187337517738342,0.9506017565727234
0.7140284776687622,0.9856787919998169,0.9227150678634644,0.9875731468200684
0.9036766290664673,0.9933318495750427,0.9058430790901184,0.9841645359992981
0.9612427949905396,0.9971544742584229,0.9140012860298157,0.9897686243057251
0.939517080783844,0.9968305230140686,0.91595458984375,0.9790554642677307
0.9191968441009521,0.9938197731971741,0.9159409403800964,0.9874423742294312
0.9411701560020447,0.9958300590515137,0.929524302482605,0.9813647270202637
0.9462869167327881,0.9960095882415771,0.8762838840484619,0.9769676327705383
0.9316084384918213,0.993934154510498,0.7900135517120361,0.8687435388565063
0.8634986877441406,0.9907343983650208,0.875817596912384,0.9752669930458069
0.8835224509239197,0.9941719770431519,0.8326700925827026,0.9218370318412781
0.9440876245498657,0.9956895112991333,0.8335518836975098,0.9809644818305969
0.926700234413147,0.9947638511657715,0.9206671714782715,0.9839327931404114
0.9069244265556335,0.9918233156204224,0.8413931131362915,0.9431508779525757
0.9006016850471497,0.9961079955101013,0.9207845330238342,0.9818220734596252
0.9101201295852661,0.9844049215316772,0.8323233127593994,0.9016517400741577
0.9070677161216736,0.99329674243927,0.9364839196205139,0.9873050451278687
0.9125721454620361,0.9942131638526917,0.9210107326507568,0.9897403120994568
0.9260014295578003,0.9945727586746216,0.8858210444450378,0.9817793965339661
0.9147332310676575,0.9938259720802307,0.9170709848403931,0.9821463823318481
0.93247389793396,0.9947954416275024,0.8472122550010681,0.9348621368408203
0.9291276931762695,0.9971163868904114,0.9462546110153198,0.990697979927063
0.9142313003540039,0.991908073425293,0.9542221426963806,0.9908468127250671
0.9066717028617859,0.9938377141952515,0.8858771920204163,0.97641521692276
0.9221639633178711,0.9960039854049683,0.9268728494644165,0.9908324480056763
0.948538601398468,0.9953112602233887,0.8612208962440491,0.9782836437225342
0.912339448928833,0.9933904409408569,0.9092421531677246,0.9863388538360596
0.9136017560958862,0.9938965439796448,0.8298476338386536,0.9677762985229492
0.9231708645820618,0.9943519830703735,0.7889522910118103,0.8720276355743408
0.935646653175354,0.99508136510849,0.7849963903427124,0.8976494669914246
0.9487165212631226,0.9959988594055176,0.8695421814918518,0.9748630523681641
0.9208763241767883,0.993073582649231,0.9036091566085815,0.9882517457008362
0.9351291656494141,0.9936161637306213,0.8368499875068665,0.8661926984786987
0.9390942454338074,0.9958972930908203,0.818535566329956,0.9000290632247925
0.9423655271530151,0.9960031509399414,0.9109982252120972,0.9861975908279419
0.9010711312294006,0.9919262528419495,0.935631513595581,0.9908422827720642
0.9251148104667664,0.991378903388977,0.9173128604888916,0.9728237390518188
0.9591172337532043,0.9971789717674255,0.9544859528541565,0.9932215809822083
0.8982048630714417,0.9901441335678101,0.8648820519447327,0.9665422439575195
0.9291224479675293,0.9969102144241333,0.8654742240905762,0.9726727604866028
0.9523405432701111,0.9965542554855347,0.9187883138656616,0.9839414954185486
0.8973308205604553,0.9881521463394165,0.7820297479629517,0.8865342140197754
0.8010172247886658,0.9820750951766968,0.9335288405418396,0.9850175976753235
0.9574844837188721,0.9960241317749023,0.9209297299385071,0.9801433682441711
0.8877772092819214,0.994012176990509,0.951898992061615,0.9903121590614319
0.9274872541427612,0.9934473633766174,0.9496381282806396,0.987780749797821
0.9354593753814697,0.9965969324111938,0.9551440477371216,0.9893386960029602
0.8880290985107422,0.9894810318946838,0.930172860622406,0.9825639724731445
0.9151996374130249,0.9967767596244812,0.8709603548049927,0.9803160429000854
0.931067705154419,0.9963107109069824,0.8912767767906189,0.979775607585907
0.9345766305923462,0.9962405562400818,0.9250844717025757,0.9896695017814636
0.8998555541038513,0.9937337040901184,0.9168932437896729,0.9835614562034607
0.9450318217277527,0.996797502040863,0.9456967115402222,0.9898073077201843
0.9459508061408997,0.9962802529335022,0.8684921264648438,0.9843904376029968
0.9178248047828674,0.9915180206298828,0.7818336486816406,0.8695198893547058
0.9516727924346924,0.9957677721977234,0.9310305714607239,0.9840993285179138
0.9501517415046692,0.9964349865913391,0.8366934061050415,0.9731865525245667
0.9122476577758789,0.9919813871383667,0.9295574426651001,0.987579882144928
0.8806813359260559,0.9906049966812134,0.9106679558753967,0.9748073816299438
0.9216443300247192,0.9950203895568848,0.8335933685302734,0.9228219985961914
0.8671422600746155,0.9908347725868225,0.8449715375900269,0.9762237668037415
0.9084832072257996,0.9946145415306091,0.9486940503120422,0.986104428768158
0.9000315070152283,0.992659866809845,0.8767716288566589,0.9776551127433777
0.9205102920532227,0.9943958520889282,0.9473533630371094,0.9903386235237122
0.9213569164276123,0.992912232875824,0.8176857829093933,0.9425831437110901
0.9284025430679321,0.9950549602508545,0.8156262636184692,0.9281021356582642
0.9103608131408691,0.9943410754203796,0.8808578252792358,0.9762197732925415
0.9489398002624512,0.9946283102035522,0.8220301866531372,0.9453091621398926
0.8737577795982361,0.9926602840423584,0.948718249797821,0.9912294745445251
0.9059667587280273,0.9930756092071533,0.8995089530944824,0.9823046326637268
0.9360296726226807,0.9948252439498901,0.8651878237724304,0.9769652485847473
0.938549816608429,0.9953543543815613,0.9328587651252747,0.9920142889022827
0.8844348192214966,0.9960716366767883,0.8991671800613403,0.9789323806762695
0.9474079012870789,0.9951782822608948,0.9609620571136475,0.9858065247535706
0.8997085094451904,0.9933098554611206,0.8577613234519958,0.9685318470001221
0.8274157643318176,0.9920058250427246,0.9030653238296509,0.9761435389518738
0.9234909415245056,0.9945926070213318,0.8171744346618652,0.8988522291183472
0.9039638042449951,0.9934822916984558,0.7537113428115845,0.8838856220245361
0.8958157300949097,0.9940702319145203,0.9185960292816162,0.9858430624008179
0.9554151892662048,0.996500551700592,0.9549823999404907,0.9906993508338928
0.9291223287582397,0.9956346154212952,0.9516450762748718,0.9840030670166016
0.9328827261924744,0.9962801337242126,0.9270139932632446,0.9857343435287476
0.9513762593269348,0.9967256188392639,0.9647528529167175,0.9863041639328003
0.9186545610427856,0.9946615099906921,0.8813421726226807,0.983716607093811
0.9108886122703552,0.9944299459457397,0.8028155565261841,0.9153720140457153
0.8281362056732178,0.9826384782791138,0.9324449896812439,0.9885608553886414
0.9556078910827637,0.9962058663368225,0.9100040197372437,0.9820465445518494
0.9634413719177246,0.996895432472229,0.9067624807357788,0.9849160313606262
0.8889394402503967,0.9946507811546326,0.8277897834777832,0.9540426731109619
0.924760103225708,0.994625985622406,0.9544133543968201,0.9909167885780334
0.9364367127418518,0.9949582815170288,0.8810454607009888,0.9839838147163391
0.9430935978889465,0.9948238730430603,0.7894861698150635,0.8692723512649536
0.9561434388160706,0.9965375661849976,0.9569954872131348,0.9915480017662048
0.9586261510848999,0.9955736994743347,0.8748714327812195,0.9770362377166748
0.9045288562774658,0.9959744811058044,0.9465858936309814,0.9893051981925964
0.8905247449874878,0.9934589266777039,0.9433237314224243,0.988968014717102
0.9539794325828552,0.9968067407608032,0.7906803488731384,0.8990788459777832
0.9584187269210815,0.9971106648445129,0.8165447115898132,0.9077711701393127
0.9228261709213257,0.9956278204917908,0.9396469593048096,0.9866930246353149
0.8913381099700928,0.9905659556388855,0.917107105255127,0.988459587097168
0.9223975539207458,0.9944189786911011,0.9290658831596375,0.9824626445770264
0.9008256196975708,0.9959168434143066,0.936013400554657,0.9807085394859314
0.9398855566978455,0.9966006875038147,0.9213215112686157,0.9786943197250366
0.9377695322036743,0.9961146116256714,0.9145554304122925,0.9800981879234314
0.951379120349884,0.9961501955986023,0.9343776106834412,0.9884046912193298
0.917334258556366,0.9942097663879395,0.952985942363739,0.9888153076171875
0.8867009282112122,0.9943190217018127,0.9023760557174683,0.983317494392395
0.9388222098350525,0.9954603910446167,0.9539656639099121,0.9846143126487732
0.9319589734077454,0.9938998818397522,0.9191262125968933,0.9832301139831543
0.8684753775596619,0.9928978681564331,0.9312810897827148,0.9917978644371033
0.8607255220413208,0.9896538853645325,0.8548085689544678,0.9340264797210693
0.9422414898872375,0.9953768253326416,0.9248543977737427,0.9842126369476318
0.9316320419311523,0.9951738715171814,0.9212049841880798,0.9736849069595337
0.9139938950538635,0.996087908744812,0.9359403252601624,0.9865877032279968
0.9149497747421265,0.9947307705879211,0.8728047609329224,0.979277491569519
0.9336960315704346,0.9908190369606018,0.912982165813446,0.9910327792167664
0.9317718148231506,0.994417667388916,0.9302213788032532,0.9852163195610046
0.9404610991477966,0.9937421083450317,0.8335002660751343,0.9436373114585876
0.8447428345680237,0.9897304177284241,0.8954951763153076,0.9830772280693054
0.9410563707351685,0.9960690140724182,0.9201882481575012,0.9859129786491394
0.9388116598129272,0.995395839214325,0.9095336198806763,0.9869756102561951
0.9408754706382751,0.99561607837677,0.9426230192184448,0.9904857873916626
0.9487362504005432,0.9970705509185791,0.9291351437568665,0.9875155091285706
0.9498618841171265,0.9962688684463501,0.9445089101791382,0.9889204502105713
0.948153018951416,0.9966114163398743,0.9304057359695435,0.9805036187171936
0.9513946175575256,0.9962192177772522,0.9158516526222229,0.9834153056144714
0.9330098628997803,0.9933695793151855,0.8454645276069641,0.9814988970756531
0.9178338050842285,0.9961475133895874,0.8130080103874207,0.9013347029685974
0.8847509622573853,0.9934566617012024,0.8347150683403015,0.9426769614219666
0.9178410768508911,0.9955310821533203,0.9280315637588501,0.9899429678916931
0.956670880317688,0.9969065189361572,0.9181620478630066,0.9892141222953796
0.9453318119049072,0.9962964057922363,0.9575742483139038,0.9927774667739868
0.8278201222419739,0.9830365180969238,0.9093138575553894,0.9742380380630493
0.9414381980895996,0.9964484572410583,0.8332315683364868,0.9426424503326416
0.9380291700363159,0.9952425956726074,0.8429445624351501,0.8888767957687378
0.9395060539245605,0.995220422744751,0.9168106317520142,0.9842528104782104
0.8962618112564087,0.9945652484893799,0.8705170154571533,0.9741843938827515
0.9104398488998413,0.9941609501838684,0.7956172227859497,0.9377002716064453
0.9037103056907654,0.9940969347953796,0.9204711318016052,0.9835309982299805
0.9380212426185608,0.9971774220466614,0.94017493724823,0.9889975190162659
0.9442161917686462,0.9950386881828308,0.9245383143424988,0.9825209975242615
0.870527982711792,0.9911362528800964,0.9204384088516235,0.9858844876289368
0.9441078901290894,0.9937764406204224,0.8763457536697388,0.9298678636550903
0.7626626491546631,0.9822828769683838,0.8803420066833496,0.9203931093215942
0.856254518032074,0.9899514317512512,0.8053150177001953,0.9260527491569519
0.9159419536590576,0.9919836521148682,0.9322600364685059,0.9897775053977966
0.8916838765144348,0.9860326647758484,0.8884677886962891,0.9826093316078186
0.951287567615509,0.9955067038536072,0.8702107667922974,0.97052401304245
0.9103033542633057,0.9958602786064148,0.8413540124893188,0.9058099389076233
0.9612486958503723,0.9965144395828247,0.9319278001785278,0.9903801679611206
0.9493752717971802,0.99737548828125,0.9037186503410339,0.9897772073745728
0.8653724193572998,0.9913232922554016,0.8967137336730957,0.9318295121192932
0.9446810483932495,0.9956805109977722,0.8390822410583496,0.9454941153526306
0.9377703666687012,0.9961452484130859,0.9499349594116211,0.9893119931221008
0.9402492642402649,0.9975771903991699,0.9287967681884766,0.9850782155990601
0.9353941679000854,0.9940837621688843,0.9415305256843567,0.9869938492774963
0.8034742474555969,0.9865190386772156,0.8059279918670654,0.9253373742103577
0.937066376209259,0.9944903254508972,0.92279052734375,0.986705482006073
0.875074028968811,0.9882110357284546,0.8712732195854187,0.9589381217956543
0.8933541774749756,0.9944433569908142,0.9118808507919312,0.9873748421669006
0.9367468953132629,0.9967865347862244,0.9646274447441101,0.9923400282859802
0.9260082244873047,0.9945670962333679,0.953384280204773,0.987982988357544
0.9519162774085999,0.9972896575927734,0.9600868225097656,0.9898074865341187
0.8912378549575806,0.9810877442359924,0.838416337966919,0.9686549305915833
0.9122087359428406,0.9943808913230896,0.8366868495941162,0.9294732213020325
0.9399744868278503,0.9964167475700378,0.8835972547531128,0.9816623330116272
0.9551998376846313,0.9969679713249207,0.9492490887641907,0.992729663848877
0.8647147417068481,0.993107795715332,0.9279594421386719,0.985672652721405
0.9044597148895264,0.9947037696838379,0.9118674397468567,0.9899798035621643
0.9145213961601257,0.9928857088088989,0.8980369567871094,0.9732514023780823
0.9482573866844177,0.9961627721786499,0.8338524103164673,0.9395133852958679
0.9113472104072571,0.9938395023345947,0.9565703868865967,0.9905913472175598
0.8537589907646179,0.9919506907463074,0.9024506211280823,0.9260884523391724
0.8950439095497131,0.9951209425926208,0.8725019693374634,0.977498471736908
0.8753975629806519,0.9945778250694275,0.9591506123542786,0.9885964393615723
0.9478046894073486,0.9964720010757446,0.9563827514648438,0.9939138293266296
0.9280710220336914,0.995622992515564,0.9288581609725952,0.990310549736023
0.91359943151474,0.9951685070991516,0.7864701151847839,0.9084612727165222
0.8416995406150818,0.9922899007797241,0.9058394432067871,0.9845391511917114
0.927883505821228,0.9964151978492737,0.9478226900100708,0.9857312440872192
0.9047884345054626,0.992351233959198,0.9471981525421143,0.9871981143951416
0.9398684501647949,0.9955074191093445,0.845689058303833,0.9551807045936584
0.8595210909843445,0.9891216158866882,0.9288325905799866,0.9838276505470276
0.9243237972259521,0.9942826628684998,0.9160908460617065,0.9851953387260437
0.9443720579147339,0.9963968992233276,0.8986642956733704,0.9842023253440857
0.9476245641708374,0.9963102340698242,0.7896709442138672,0.9635283946990967
0.9511346220970154,0.996057391166687,0.899541437625885,0.9829143285751343
0.8483269810676575,0.9932348728179932,0.8818101286888123,0.9781799912452698
0.9531370997428894,0.996065080165863,0.90068119764328,0.9853766560554504
0.9190081357955933,0.9952977895736694,0.8196181058883667,0.8896781206130981
0.8938559293746948,0.9926664233207703,0.8681397438049316,0.9805741310119629
0.9341322779655457,0.9950417280197144,0.9146138429641724,0.9854521155357361
0.9329312443733215,0.9959363341331482,0.9576624631881714,0.9892809391021729
0.901627779006958,0.9934452176094055,0.9513980746269226,0.9915948510169983
0.8968686461448669,0.9948459267616272,0.8511403799057007,0.982527494430542
0.9012318253517151,0.9952365159988403,0.915997326374054,0.9835174083709717
0.9169405102729797,0.9938326478004456,0.8591590523719788,0.9621270298957825
0.9242380857467651,0.9963570833206177,0.9272158145904541,0.9885271787643433
0.9436315298080444,0.9955153465270996,0.8059138059616089,0.9282500743865967
0.9526686668395996,0.9959880113601685,0.8379212617874146,0.9432917237281799
0.9370154142379761,0.9945947527885437,0.8147245645523071,0.9249135255813599
0.9023358225822449,0.9948686361312866,0.8401172757148743,0.9508364796638489
0.9041696786880493,0.9942465424537659,0.9523456692695618,0.9910674095153809
0.9484043121337891,0.9960209131240845,0.910113513469696,0.9797109365463257
0.9103327989578247,0.9922820329666138,0.8332942724227905,0.9021592736244202
0.9307791590690613,0.9963042736053467,0.8872110843658447,0.9315270185470581
0.9378067255020142,0.9966191649436951,0.8222958445549011,0.8943563103675842
0.9158879518508911,0.9956944584846497,0.9142583608627319,0.9868677258491516
0.8983401656150818,0.9939730167388916,0.9600513577461243,0.9875561594963074
0.9536174535751343,0.9963123798370361,0.9009063839912415,0.9818068146705627
0.9380239844322205,0.9939966201782227,0.9193967580795288,0.9870108962059021
0.9175647497177124,0.9941762685775757,0.9427183866500854,0.990739107131958
0.9370200634002686,0.9968586564064026,0.9244546890258789,0.9861690402030945
0.9053215384483337,0.9954624176025391,0.9015175700187683,0.968634307384491
0.9327081441879272,0.9945361018180847,0.8770164251327515,0.9755783677101135
0.9293003082275391,0.9959876537322998,0.9483243823051453,0.9877700805664062
0.9199280142784119,0.9950820207595825,0.8878329396247864,0.9808823466300964
0.9423868656158447,0.9945876002311707,0.9079854488372803,0.9869610071182251
0.912172794342041,0.9911575317382812,0.9263857007026672,0.9885708689689636
0.9502636790275574,0.9959562420845032,0.7838894128799438,0.8884152173995972
0.9200440645217896,0.9931354522705078,0.9113197922706604,0.9856480956077576
0.9263413548469543,0.9930256605148315,0.8439376354217529,0.9526646137237549
0.8852645754814148,0.9933193922042847,0.9399386644363403,0.9881042242050171
0.954698383808136,0.9968859553337097,0.9361894130706787,0.9891775250434875
0.9428731203079224,0.9942907691001892,0.8166625499725342,0.9219831228256226
0.9459674954414368,0.9954618215560913,0.9224758148193359,0.9899745583534241
0.8636540174484253,0.9928383231163025,0.8689274787902832,0.964775025844574
0.9379480481147766,0.9954833984375,0.9303392767906189,0.9852614998817444
0.9549742341041565,0.9967167377471924,0.9099023938179016,0.9821509718894958
0.9460170865058899,0.9971215128898621,0.9401070475578308,0.9904567003250122
0.9484003782272339,0.9965200424194336,0.9318680167198181,0.9834496974945068
0.9466845393180847,0.9966782331466675,0.9377232193946838,0.9898810386657715
0.8885555863380432,0.9926045536994934,0.9069751501083374,0.9847531318664551
0.8966426849365234,0.9930338859558105,0.7785221338272095,0.8758909702301025
0.8882504105567932,0.9944866895675659,0.8688218593597412,0.9793916940689087
0.9121861457824707,0.9921289682388306,0.9131274819374084,0.9444956183433533
0.9430555105209351,0.9968878030776978,0.9309330582618713,0.9906629323959351
0.8592483997344971,0.9948399662971497,0.9455898404121399,0.9893566370010376
0.9238752126693726,0.992072582244873,0.9213353395462036,0.9910712242126465
0.8898071646690369,0.9895206689834595,0.7911845445632935,0.9482165575027466
0.9381847977638245,0.9954071640968323,0.9578050374984741,0.9934530854225159
0.9360650777816772,0.9952905774116516,0.8501358032226562,0.9631365537643433
0.9600348472595215,0.9958046078681946,0.9484925866127014,0.9874632954597473
0.8499414920806885,0.9943743348121643,0.9251633286476135,0.9839866161346436
0.9558119177818298,0.9970723390579224,0.8618323802947998,0.9796087741851807
0.8800449371337891,0.990263044834137,0.9551900625228882,0.9907774329185486
0.9023548364639282,0.9912672638893127,0.8942008018493652,0.9909160137176514
0.9074659943580627,0.9939432740211487,0.8267896175384521,0.9197959303855896
0.883295476436615,0.9876804947853088,0.879518985748291,0.9824685454368591
0.951890766620636,0.9973107576370239,0.9495019912719727,0.9922316670417786
0.9253958463668823,0.9931065440177917,0.9017251133918762,0.9809779524803162
0.9497382044792175,0.9954601526260376,0.8318754434585571,0.9413473606109619
0.9340946674346924,0.9901167154312134,0.9221322536468506,0.989266037940979
0.75885409116745,0.9703662395477295,0.9248707294464111,0.968636691570282
0.8692439198493958,0.9908795952796936,0.9087082147598267,0.9834117293357849
0.9486445188522339,0.9947415590286255,0.8089011907577515,0.8826685547828674
0.9375331401824951,0.9939371347427368,0.9174284934997559,0.9854416251182556
0.883092999458313,0.9941985607147217,0.9110546112060547,0.9799996614456177
0.9438077807426453,0.9965470433235168,0.9486466646194458,0.9888430237770081
0.9481312036514282,0.9964326620101929,0.9207301139831543,0.9884503483772278
0.9470780491828918,0.9956775307655334,0.8344841003417969,0.9167810082435608
0.8747336864471436,0.9833136796951294,0.8591970205307007,0.9031129479408264
0.9368062615394592,0.9966509342193604,0.904720664024353,0.9822990298271179
0.8972741365432739,0.9922609329223633,0.8279837369918823,0.9577898383140564
0.928952157497406,0.9950951933860779,0.8412057161331177,0.9488928318023682
0.9562962651252747,0.9971520304679871,0.9128433465957642,0.9843651652336121
0.9414956569671631,0.9964219331741333,0.9256590604782104,0.9876524209976196
0.8735935688018799,0.9931654930114746,0.9158863425254822,0.9903436899185181
0.8998867869377136,0.9921914935112,0.9051307439804077,0.9776723384857178
0.8846039175987244,0.9926223158836365,0.9554818272590637,0.9920414090156555
0.9161967635154724,0.9940165877342224,0.9173985123634338,0.989620566368103
0.8959068059921265,0.9954418540000916,0.8438541889190674,0.9470627307891846
0.9267706274986267,0.9918867945671082,0.9365501403808594,0.9818726181983948
0.9129341244697571,0.9871942400932312,0.8995457291603088,0.9820692539215088
0.878089964389801,0.9941773414611816,0.9538676738739014,0.9901144504547119
0.9481444954872131,0.997058093547821,0.9488250017166138,0.9923943877220154
0.932014524936676,0.9953177571296692,0.8524144291877747,0.9599692225456238
0.9557403326034546,0.996644914150238,0.9068424701690674,0.9828681945800781
0.8983603119850159,0.9896736741065979,0.8286266326904297,0.9414433240890503
0.94624924659729,0.9944420456886292,0.8637396097183228,0.9822104573249817
0.9411677122116089,0.9970471858978271,0.8392966389656067,0.8954501152038574
0.9339410066604614,0.9976246953010559,0.950215756893158,0.992896556854248
0.8894484639167786,0.9914805889129639,0.9087167978286743,0.9881944060325623
0.9548995494842529,0.9974039793014526,0.9083616733551025,0.986356258392334
0.9366172552108765,0.9921355247497559,0.9387876391410828,0.991241991519928
0.9044792652130127,0.9949414730072021,0.7853749394416809,0.9291101694107056
0.9470279216766357,0.9954875707626343,0.8836003541946411,0.9791097640991211
0.9249243140220642,0.9938361644744873,0.8923633694648743,0.9815035462379456
0.931455135345459,0.9939718842506409,0.9191069602966309,0.9729126691818237
0.9411570429801941,0.9957630634307861,0.8865796327590942,0.9829466938972473
0.9234011173248291,0.9930464625358582,0.925824761390686,0.9804762005805969
0.9480535387992859,0.9966408610343933,0.9298012256622314,0.9894887208938599
0.9315500259399414,0.996077835559845,0.925686240196228,0.9912391304969788
0.9355356693267822,0.9929137229919434,0.9249042272567749,0.9863844513893127
0.8975713849067688,0.9883490800857544,0.9084476232528687,0.9864937663078308
0.9396969676017761,0.9953546524047852,0.8295435309410095,0.9372290372848511
0.9440512657165527,0.9965949058532715,0.9301126003265381,0.9892301559448242
0.9272223114967346,0.9936746954917908,0.795535683631897,0.9281408190727234
0.9259375333786011,0.9941702485084534,0.9132065176963806,0.979473888874054
0.883013904094696,0.992246687412262,0.9057992100715637,0.9732147455215454
0.9489722847938538,0.9963672757148743,0.9490714073181152,0.9917606711387634
0.9194409847259521,0.995652973651886,0.9500375986099243,0.9906870126724243
0.9288607239723206,0.9957992434501648,0.8448935747146606,0.9446116089820862
0.9305247664451599,0.9957970976829529,0.9442363977432251,0.9909485578536987
0.8640871047973633,0.9946810603141785,0.9095979332923889,0.9825245141983032
0.9474250078201294,0.9970000386238098,0.9423000812530518,0.9878305792808533
0.9376747608184814,0.9964955449104309,0.8890600204467773,0.9776797294616699
0.9123019576072693,0.9950255155563354,0.9397261738777161,0.9875141978263855
0.8484756946563721,0.9874678254127502,0.8383921980857849,0.9109422564506531
0.9144644737243652,0.9918694496154785,0.840582549571991,0.940832793712616
0.9240763783454895,0.99419766664505,0.9259042143821716,0.9835742712020874
0.9143210649490356,0.9969082474708557,0.8646515607833862,0.9230542182922363
0.8961830735206604,0.9961600303649902,0.8794193863868713,0.9816675782203674
0.9049251675605774,0.9957849383354187,0.9230903387069702,0.9910382628440857
0.9291889071464539,0.9958394169807434,0.9161067008972168,0.9876392483711243
0.9001036882400513,0.9921950697898865,0.8866581916809082,0.9740152359008789
0.935836136341095,0.9951040744781494,0.8372586965560913,0.9501910209655762
0.9457194805145264,0.9944811463356018,0.8924466371536255,0.9857221841812134
0.8528928160667419,0.9942103624343872,0.9311234951019287,0.9906514883041382
0.9053009748458862,0.9916183352470398,0.8934667706489563,0.9834528565406799
0.9203265309333801,0.9957165122032166,0.9213220477104187,0.9775035381317139
0.8534170389175415,0.9938290119171143,0.9436716437339783,0.988008439540863
0.9241489171981812,0.9963989853858948,0.9560604691505432,0.9895787239074707
0.9389262795448303,0.9967122673988342,0.8560175895690918,0.9788687825202942
0.9011750221252441,0.9913606643676758,0.8613188862800598,0.9725948572158813
0.9312171936035156,0.9933521151542664,0.9382688999176025,0.9880304932594299
0.9359561800956726,0.997126579284668,0.8943305015563965,0.9841076731681824
0.9108524322509766,0.9901915192604065,0.9140486121177673,0.9827367067337036
0.9389125108718872,0.9967815279960632,0.9517338871955872,0.9902865886688232
0.932476818561554,0.9966341257095337,0.8784197568893433,0.9788581728935242
0.9248061180114746,0.9958066344261169,0.9573925733566284,0.9901724457740784
0.9455386400222778,0.9962586760520935,0.8800173997879028,0.9820684194564819
0.9252952933311462,0.9947482347488403,0.8578851222991943,0.9594941139221191
0.9259898662567139,0.9969848990440369,0.956586480140686,0.9906526207923889
0.9482236504554749,0.9971269965171814,0.9526841044425964,0.993048906326294
0.9298920035362244,0.9951281547546387,0.8990519046783447,0.9808577299118042
0.8956959247589111,0.9950289130210876,0.8989646434783936,0.9828608632087708
0.8682769536972046,0.989996075630188,0.8485684990882874,0.9738159775733948
0.9418122172355652,0.9960321187973022,0.954106330871582,0.9916949272155762
0.9350332617759705,0.9964727759361267,0.9432701468467712,0.9936201572418213
0.8767593502998352,0.9933357238769531,0.8688979744911194,0.9775198101997375
0.9234181046485901,0.9930001497268677,0.8580121397972107,0.9703017473220825
0.9239003658294678,0.996120035648346,0.9390348196029663,0.993075966835022
0.9265685677528381,0.9929951429367065,0.903054416179657,0.9858933687210083
0.9523390531539917,0.9967013001441956,0.8357697129249573,0.9757508635520935
0.8865101933479309,0.9927444458007812,0.7728575468063354,0.932955801486969
0.9021887183189392,0.9955230951309204,0.9198018908500671,0.9886118769645691
0.9172396063804626,0.9928713440895081,0.8904345631599426,0.9775167107582092
0.955260694026947,0.9973414540290833,0.9399384260177612,0.9923295974731445
0.8785112500190735,0.9920984506607056,0.8846902847290039,0.9828159213066101
0.9597311615943909,0.9961465001106262,0.8899360299110413,0.9710054397583008
0.8869943022727966,0.9847501516342163,0.8896872997283936,0.9405847191810608
0.891657292842865,0.992560625076294,0.9351335167884827,0.9900982975959778
0.90520840883255,0.9912905693054199,0.8843005299568176,0.9356584548950195
0.9605041146278381,0.9966678619384766,0.8910750150680542,0.9825423359870911
0.932084321975708,0.9955742955207825,0.9511550664901733,0.9872738122940063
0.9163804054260254,0.9954965710639954,0.943629264831543,0.9862186908721924
0.9283891916275024,0.9956647157669067,0.9579027891159058,0.9848801493644714
0.8946463465690613,0.9865854382514954,0.9284084439277649,0.9807694554328918
0.9497967958450317,0.9971171617507935,0.875623345375061,0.9823989868164062
0.9068483114242554,0.99639892578125,0.9312300682067871,0.9891865849494934
0.8364368677139282,0.9946833252906799,0.9536118507385254,0.9933315515518188
0.9180577397346497,0.9911043047904968,0.8550635576248169,0.9509070515632629
0.9541913270950317,0.996836245059967,0.938165545463562,0.9909917712211609
0.9225086569786072,0.9965804815292358,0.9609473347663879,0.9902368187904358
0.9536187648773193,0.9966326355934143,0.9160428047180176,0.9893078804016113
0.8990761637687683,0.9942277073860168,0.863479733467102,0.9778069853782654
0.8476893901824951,0.9929177165031433,0.9574300050735474,0.9946609735488892
0.9536402225494385,0.9968136548995972,0.9572146534919739,0.9915422201156616
0.9554688930511475,0.9971110224723816,0.8660929799079895,0.9406616687774658
0.9518955945968628,0.9976663589477539,0.9560062885284424,0.9907243847846985
0.9442228674888611,0.9950292706489563,0.9211098551750183,0.978269636631012
0.8928240537643433,0.9956604242324829,0.9260188937187195,0.9837731719017029
0.9026507139205933,0.9955180287361145,0.8687597513198853,0.9440963268280029
0.8628607392311096,0.9922523498535156,0.9221886396408081,0.9879871606826782
0.8719983100891113,0.9937129020690918,0.9455676078796387,0.988571047782898
0.9523765444755554,0.9961420893669128,0.9591832756996155,0.9890015721321106
0.9438401460647583,0.997002363204956,0.9606378674507141,0.9921266436576843
0.8790844082832336,0.9947714805603027,0.841033935546875,0.9389254450798035
0.8451292514801025,0.9929203987121582,0.9325774908065796,0.990679144859314
0.8763260841369629,0.9905805587768555,0.8199015855789185,0.8951451182365417
0.9190714955329895,0.9943765997886658,0.8721773624420166,0.9819105267524719
0.8985932469367981,0.9902173280715942,0.9027767777442932,0.9811116456985474
0.930128812789917,0.9949855208396912,0.8720693588256836,0.9756011962890625
0.806936502456665,0.9891510605812073,0.9529255628585815,0.9843658208847046
0.9054631590843201,0.9952645301818848,0.8612089157104492,0.966145932674408
0.885229766368866,0.9930533766746521,0.9527022838592529,0.9857500195503235
0.9208627343177795,0.9949705004692078,0.8364359140396118,0.9378173351287842
0.9383991360664368,0.9944953322410583,0.8677080869674683,0.9820069074630737
0.9305247068405151,0.9960832595825195,0.9490426778793335,0.9898054599761963
0.9209274053573608,0.9954880475997925,0.9288525581359863,0.9886875152587891
0.9250896573066711,0.9938386082649231,0.9215894937515259,0.9890022277832031
0.955672562122345,0.997535765171051,0.9396317005157471,0.9898865818977356
0.9128641486167908,0.9943004250526428,0.8151780366897583,0.900033712387085
0.9524675607681274,0.9974811673164368,0.9256917238235474,0.9925739169120789
0.9388198256492615,0.9957057237625122,0.800200343132019,0.884857177734375
0.9396268725395203,0.9957820177078247,0.9365507960319519,0.9805628061294556
0.8620548248291016,0.9894267916679382,0.9164847135543823,0.9880344271659851
0.9549212455749512,0.9961138963699341,0.9065530300140381,0.9862805008888245
0.8873707056045532,0.9935830235481262,0.8551666140556335,0.9805750846862793
0.8144671320915222,0.9898072481155396,0.9368063807487488,0.9874711036682129
0.9359583258628845,0.9959412813186646,0.8856149315834045,0.9807583093643188
0.933654248714447,0.9949100017547607,0.9176111221313477,0.9849770069122314
0.8967288732528687,0.9959152340888977,0.9505024552345276,0.9908615946769714
0.9340780973434448,0.9906986355781555,0.8500339984893799,0.9600600004196167
0.9090168476104736,0.9952601790428162,0.9629613161087036,0.9887335300445557
0.9357305765151978,0.9968733787536621,0.8896408081054688,0.9817887544631958
0.9340034127235413,0.9946911334991455,0.9092680811882019,0.9796153903007507
0.9267457127571106,0.9957908391952515,0.9546859264373779,0.9921209216117859
0.9361459612846375,0.9965531826019287,0.9263433218002319,0.9879359602928162
0.9526059031486511,0.9964343309402466,0.9194086194038391,0.9891168475151062
0.9386066794395447,0.9949579834938049,0.925849199295044,0.9836041331291199
0.9386833310127258,0.9955518245697021,0.961044192314148,0.9905783534049988
0.9097592830657959,0.9927368760108948,0.8035792708396912,0.8837131857872009
0.9586079716682434,0.9975199699401855,0.9223350286483765,0.9906277060508728
0.9338963031768799,0.9967437386512756,0.9299206733703613,0.9788678288459778
0.9209980368614197,0.9957767724990845,0.9195887446403503,0.9892370104789734
0.9600992202758789,0.9964637756347656,0.9197530746459961,0.9874460697174072
0.8669691681861877,0.989151656627655,0.8739005923271179,0.9407690763473511
0.8902429938316345,0.990516185760498,0.9026021957397461,0.9747124910354614
0.9064309000968933,0.9934555888175964,0.9464256763458252,0.9873011708259583
0.8835986256599426,0.9887315034866333,0.860485851764679,0.9795569777488708
0.9420881867408752,0.9959119558334351,0.9123769402503967,0.9889730215072632
0.9469924569129944,0.9939385056495667,0.9223098158836365,0.9875417351722717
0.9430439472198486,0.9957916736602783,0.8929144144058228,0.983976423740387
0.9333369731903076,0.9959035515785217,0.7998843193054199,0.8635446429252625
0.9363284111022949,0.995952308177948,0.8190706968307495,0.9454121589660645
0.8230931758880615,0.9883293509483337,0.9087659120559692,0.9701780080795288
0.7391248345375061,0.9869227409362793,0.911399245262146,0.9764893054962158
0.8967289924621582,0.9941520094871521,0.9389501214027405,0.987916886806488
0.9339560270309448,0.996302604675293,0.9540717601776123,0.9895766973495483
0.8485885858535767,0.9925264120101929,0.9250641465187073,0.9844413995742798
0.8801895976066589,0.9929401278495789,0.9300287961959839,0.9859889149665833
0.9221785664558411,0.9967440962791443,0.9300199747085571,0.9886886477470398
0.8930202126502991,0.9933496713638306,0.9037892818450928,0.9846105575561523
0.9530181884765625,0.9971991777420044,0.8729689121246338,0.9811663627624512
0.9408298134803772,0.996608555316925,0.8563030958175659,0.9363489747047424
0.9321421980857849,0.9960365891456604,0.8697077035903931,0.9809529185295105
0.9162970185279846,0.9940497279167175,0.9519557952880859,0.9932007193565369
0.9359512329101562,0.9940837621688843,0.7986910343170166,0.956439733505249
0.9154193997383118,0.9942675232887268,0.9273850321769714,0.9874246716499329
0.94144606590271,0.994850218296051,0.952165961265564,0.9887570738792419
0.9126984477043152,0.9948340058326721,0.8458752632141113,0.974143922328949
0.9402816295623779,0.9933423399925232,0.87071293592453,0.9719101190567017
0.9142612218856812,0.9913538694381714,0.9197474718093872,0.9840900301933289
0.9327005743980408,0.995642900466919,0.9429485201835632,0.9907175302505493
0.9253263473510742,0.9954532980918884,0.855291485786438,0.9683470129966736
0.9123977422714233,0.9945475459098816,0.9006983041763306,0.9859989285469055
0.9212356805801392,0.9946744441986084,0.8370077610015869,0.9366843700408936
0.882606029510498,0.9954740405082703,0.945830225944519,0.9893261194229126
0.9212232232093811,0.9946392178535461,0.9382773041725159,0.9919354915618896
0.9509927034378052,0.9971403479576111,0.8496523499488831,0.9688275456428528
0.9511277675628662,0.9959675073623657,0.9567747712135315,0.9884437322616577
0.9427970051765442,0.9974803328514099,0.945532500743866,0.9927635788917542
0.9420974254608154,0.9956516623497009,0.948183536529541,0.9911587834358215
0.9292725920677185,0.9943129420280457,0.936434268951416,0.9860795140266418
0.9061291813850403,0.9930298924446106,0.9065870046615601,0.9837455749511719
0.9511318802833557,0.9955799579620361,0.7963875532150269,0.9243103265762329
0.9323649406433105,0.9955775737762451,0.9381073117256165,0.9874770045280457
0.9210492968559265,0.9962697625160217,0.8847684860229492,0.989247739315033
0.8155862092971802,0.9887069463729858,0.8431815505027771,0.9743335843086243
0.9252294898033142,0.994799792766571,0.919112503528595,0.9858887791633606
0.9499861598014832,0.9962222576141357,0.787810206413269,0.9218935966491699
0.9146252274513245,0.9947450757026672,0.9515395164489746,0.9918403625488281
0.9472523331642151,0.9947883486747742,0.8375731110572815,0.9196681976318359
0.9099822044372559,0.9912629723548889,0.8049818873405457,0.9501417875289917
0.8228949904441833,0.985680341720581,0.8386881947517395,0.9259394407272339
0.9372641444206238,0.9927874803543091,0.9425814151763916,0.9898552894592285
0.9293386936187744,0.99641352891922,0.8873375654220581,0.9722390174865723
0.927492082118988,0.9964866042137146,0.8835606575012207,0.9824387431144714
0.9187538623809814,0.9942524433135986,0.8926182389259338,0.9856074452400208
0.8329749703407288,0.9895834922790527,0.9416115283966064,0.990662157535553
0.8925741314888,0.9949639439582825,0.9257705211639404,0.9858124256134033
0.9210590124130249,0.9953296184539795,0.8379610776901245,0.9374526739120483
0.952436089515686,0.9970255494117737,0.8729833364486694,0.9848220348358154
0.8942391276359558,0.9943715929985046,0.914651095867157,0.9788848757743835
0.8832734227180481,0.9919437170028687,0.9453828930854797,0.9870644807815552
0.9108856916427612,0.9940773248672485,0.9215457439422607,0.9905972480773926
0.9516524076461792,0.9961441159248352,0.9236242771148682,0.9866901636123657
0.9010716080665588,0.9926822781562805,0.8360741138458252,0.9456164240837097
0.8697636723518372,0.994373619556427,0.9315509796142578,0.989922821521759
0.9485729932785034,0.9961076378822327,0.8246280550956726,0.9091215133666992
0.832168698310852,0.9908274412155151,0.9348973035812378,0.989564061164856
0.9145380258560181,0.9945123791694641,0.8501163721084595,0.9578580260276794
0.8750289678573608,0.9928386211395264,0.8853580355644226,0.9814037084579468
0.964597761631012,0.9975832104682922,0.9496098160743713,0.9893575310707092
0.9123214483261108,0.9922014474868774,0.9295810461044312,0.984658420085907
0.9309130907058716,0.9942988753318787,0.8546338081359863,0.9740651845932007
0.857337236404419,0.9873718619346619,0.8556487560272217,0.9673677682876587
0.9073852300643921,0.9924413561820984,0.8786023259162903,0.9827762246131897
0.9488680958747864,0.9950056672096252,0.9245030283927917,0.9852740168571472
0.9520456194877625,0.9973750114440918,0.9398772716522217,0.9899861812591553
0.8901747465133667,0.9914790987968445,0.8216232657432556,0.8961328864097595
0.93473881483078,0.994937539100647,0.8761553764343262,0.9781471490859985
0.9266390800476074,0.9964450597763062,0.8984359502792358,0.9827587008476257
0.901702880859375,0.9953942894935608,0.8916931748390198,0.9784071445465088
0.903473436832428,0.9944167733192444,0.895207405090332,0.9768167734146118
0.9443516731262207,0.9953360557556152,0.8625963926315308,0.9260351061820984
0.9513251185417175,0.9969279170036316,0.876221776008606,0.9801211953163147
0.9321815967559814,0.9966427087783813,0.803927481174469,0.916196346282959
0.9138911366462708,0.9935321807861328,0.8611326217651367,0.9792770147323608
0.9407961964607239,0.9956250190734863,0.813578188419342,0.9513720870018005
0.8941984176635742,0.9960750341415405,0.9322698712348938,0.9884395599365234
0.9325841069221497,0.9959808588027954,0.8305283784866333,0.9451120495796204
0.8868916034698486,0.9932377934455872,0.9417070746421814,0.9860139489173889
0.9208780527114868,0.9956377148628235,0.9039859771728516,0.9874992966651917
0.9399725198745728,0.9967387318611145,0.9618517756462097,0.9930815696716309
0.9074475765228271,0.9930235147476196,0.8270957469940186,0.93477463722229
0.926641583442688,0.9946297407150269,0.9341917634010315,0.9889054894447327
0.9456000924110413,0.9960017204284668,0.9271723031997681,0.9920071363449097
0.9543605446815491,0.9968883395195007,0.9314257502555847,0.9837198257446289
0.9279756546020508,0.995827317237854,0.9465787410736084,0.991458535194397
0.9440955519676208,0.9962102770805359,0.8875744938850403,0.9709742665290833
0.9205414056777954,0.9958111047744751,0.9055367112159729,0.9841290712356567
0.9243853092193604,0.993404746055603,0.921799898147583,0.9845135807991028
0.9545734524726868,0.9961526393890381,0.9479626417160034,0.9887080788612366
0.897627592086792,0.9896050691604614,0.7929021716117859,0.915283203125
0.9345757961273193,0.9966545104980469,0.9161672592163086,0.9790967702865601
0.9135951399803162,0.9941484928131104,0.9008684754371643,0.9775059223175049
0.8741118907928467,0.9921427369117737,0.9166821241378784,0.9844871759414673
0.9461573362350464,0.996638834476471,0.9513401985168457,0.9909789562225342
0.9015762805938721,0.9943431615829468,0.9481366872787476,0.994513988494873
0.9194101095199585,0.996152400970459,0.8850268125534058,0.9869025349617004
0.9217671155929565,0.9938669800758362,0.9284458756446838,0.9852688312530518
0.9164087772369385,0.9851476550102234,0.901246964931488,0.9489248394966125
0.9266282320022583,0.9946578741073608,0.8489562273025513,0.9757711887359619
0.8495257496833801,0.9885514378547668,0.7771466374397278,0.8687601089477539
0.8841041922569275,0.9933178424835205,0.9358963966369629,0.9897409677505493
0.9417652487754822,0.9965522885322571,0.9435380101203918,0.9886172413825989
0.9373523592948914,0.9966148138046265,0.9492887854576111,0.9918689727783203
0.9543097615242004,0.9959520697593689,0.9043519496917725,0.9780083894729614
0.9497098326683044,0.996787965297699,0.9522204995155334,0.992770254611969
0.9255235195159912,0.9961884617805481,0.9214096069335938,0.9863554835319519
0.9562201499938965,0.9957318305969238,0.9198676943778992,0.9900267124176025
0.8947234153747559,0.9940708875656128,0.7916092276573181,0.9340606927871704
0.9526928067207336,0.9966757297515869,0.8720650672912598,0.9711306691169739
0.9393637776374817,0.9962071180343628,0.9227777123451233,0.990433394908905
0.9423220753669739,0.9965877532958984,0.9331182241439819,0.9924463033676147
0.8973605632781982,0.9741321802139282,0.8625107407569885,0.9062323570251465
0.9054699540138245,0.9926489591598511,0.9247832298278809,0.9848990440368652
0.9310958385467529,0.9945001006126404,0.9515498280525208,0.9903202056884766
0.9390231966972351,0.9957411289215088,0.9305534362792969,0.9847246408462524
0.8734441995620728,0.9706679582595825,0.8930482268333435,0.9204574227333069
0.95760178565979,0.9968709945678711,0.8231654763221741,0.9185644388198853
0.9220902323722839,0.9958471059799194,0.8556747436523438,0.975700318813324
0.9457582831382751,0.9956568479537964,0.7708527445793152,0.8699033856391907
0.8520327806472778,0.9928762316703796,0.9178364276885986,0.9828777313232422
0.8851973414421082,0.9936431050300598,0.8338969945907593,0.9483972787857056
0.9106423854827881,0.9960839152336121,0.9535892605781555,0.9918385148048401
0.943699300289154,0.9972898960113525,0.9498659372329712,0.9912247657775879
0.939120352268219,0.9935564994812012,0.9329098463058472,0.9874808192253113
0.9437444806098938,0.9953239560127258,0.9251292943954468,0.9871317744255066
0.9478159546852112,0.9952519536018372,0.8614943027496338,0.9623599648475647
0.8969225883483887,0.994673490524292,0.9523001909255981,0.9910480380058289
0.9459952712059021,0.9963817596435547,0.8269091248512268,0.966486394405365
0.937260627746582,0.9968639016151428,0.9447218775749207,0.993107795715332
0.9424911141395569,0.995997428894043,0.8699957132339478,0.9663220047950745
0.9334127306938171,0.9940077662467957,0.8147730231285095,0.9274889826774597
0.8189989328384399,0.9907712936401367,0.9281066656112671,0.9878486394882202
0.9034028649330139,0.9872761964797974,0.9005615711212158,0.9810009002685547
0.9483692049980164,0.9965379238128662,0.9582414627075195,0.994857132434845
0.9394844770431519,0.9968386888504028,0.9460342526435852,0.9885009527206421
0.9566236734390259,0.9963346719741821,0.8169115781784058,0.9287481904029846
0.8910036087036133,0.9941067099571228,0.920930027961731,0.9803557395935059
0.9547109603881836,0.9971457719802856,0.9292673468589783,0.9918141961097717
0.8730494976043701,0.993680477142334,0.9512881636619568,0.9866073131561279
0.8787777423858643,0.9755626916885376,0.8947944641113281,0.940801739692688
0.8197407126426697,0.9846899509429932,0.8999746441841125,0.9836292266845703
0.9464351534843445,0.9970884919166565,0.8252079486846924,0.9637089371681213
0.9426547884941101,0.9967266917228699,0.9615491628646851,0.9910736083984375
0.9276464581489563,0.9946027398109436,0.876518726348877,0.9800553321838379
0.9092376828193665,0.9895182251930237,0.888659656047821,0.9841510057449341
0.9335886240005493,0.9958540797233582,0.957342267036438,0.9845083951950073
0.835421085357666,0.9903060793876648,0.8485833406448364,0.9239429235458374
0.9343584775924683,0.9968388080596924,0.9591313004493713,0.9940062761306763
0.903719425201416,0.9932846426963806,0.9600721001625061,0.9905992150306702
0.8853852152824402,0.9943062663078308,0.9525485038757324,0.9908677339553833
0.944231390953064,0.996502161026001,0.8489633798599243,0.9813060164451599
0.9461241960525513,0.9955860376358032,0.8931688070297241,0.9809618592262268
0.7736207842826843,0.9840595722198486,0.9433484077453613,0.98103928565979
0.9426528215408325,0.9964925646781921,0.8312257528305054,0.9449676871299744
0.9362524747848511,0.9938652515411377,0.9522653818130493,0.9860676527023315
0.8892651796340942,0.9946599006652832,0.769722044467926,0.9370279908180237
0.92984539270401,0.99376380443573,0.8029981851577759,0.9268918633460999
0.9226071834564209,0.9951363801956177,0.838541567325592,0.9477373361587524
0.8216503262519836,0.9701767563819885,0.850031852722168,0.9229909777641296
0.8236672878265381,0.9901724457740784,0.9228484630584717,0.9831613302230835
0.8890161514282227,0.9951480031013489,0.9584747552871704,0.9890517592430115
0.9429342746734619,0.9967480897903442,0.9367371201515198,0.9841910004615784
0.9487375020980835,0.9947231411933899,0.9545564651489258,0.9847906231880188
0.9315481185913086,0.9960802793502808,0.772605836391449,0.8723433017730713
0.9504765272140503,0.9971155524253845,0.8773890733718872,0.9842544794082642
0.9478076100349426,0.9968671798706055,0.9321896433830261,0.9877283573150635
0.922575831413269,0.9886947870254517,0.9152998924255371,0.9390068650245667
0.8849174380302429,0.9883469939231873,0.8531605005264282,0.9780190587043762
0.8946375250816345,0.9925192594528198,0.8628075122833252,0.9300385117530823
0.9381487369537354,0.9967813491821289,0.9328300952911377,0.9889233112335205
0.9423439502716064,0.9965844750404358,0.9068531394004822,0.984334409236908
0.9021276831626892,0.9869582653045654,0.8871288895606995,0.981126606464386
0.9129955172538757,0.9912074208259583,0.8714412450790405,0.9613338112831116
0.945048987865448,0.9961191415786743,0.8292036056518555,0.9716252088546753
0.9365695118904114,0.9955151081085205,0.8113935589790344,0.9092915058135986
0.9361833333969116,0.9966674447059631,0.9444209337234497,0.9907532334327698
0.8872023820877075,0.9932024478912354,0.8129957318305969,0.91173255443573
0.9444561004638672,0.9971626996994019,0.923680305480957,0.9890722036361694
0.8799901008605957,0.9930387139320374,0.893146812915802,0.9852961301803589
0.9545783400535583,0.9964634776115417,0.805457592010498,0.9435756206512451
0.9377042055130005,0.9951440095901489,0.9160804152488708,0.990856945514679
0.9356762170791626,0.9922915697097778,0.867336630821228,0.9543994069099426
0.9018694758415222,0.9953196048736572,0.8074904680252075,0.9316776394844055
0.9042291641235352,0.9951003789901733,0.8803998827934265,0.980812132358551
0.8972981572151184,0.9927686452865601,0.9006933569908142,0.9847268462181091
0.8412429094314575,0.9904875755310059,0.9349762201309204,0.9826316237449646
0.9003670811653137,0.9934400916099548,0.7846440672874451,0.9000869989395142
0.9308610558509827,0.9960942268371582,0.9062376618385315,0.971906840801239
0.9354303479194641,0.996473491191864,0.8904563784599304,0.9609484076499939
0.9260092973709106,0.9954022765159607,0.9465265274047852,0.9900465607643127
0.9626194834709167,0.9971631765365601,0.9277853965759277,0.991788923740387
0.9108116626739502,0.9953807592391968,0.8261138200759888,0.8879491090774536
0.8945196270942688,0.9942687153816223,0.899869978427887,0.9857751131057739
0.9390618205070496,0.9974271655082703,0.9327210783958435,0.9918994903564453
0.8707253932952881,0.9957028031349182,0.75417160987854,0.9140496253967285
0.9239562153816223,0.9948100447654724,0.902918815612793,0.977012574672699
0.9187365770339966,0.9934054613113403,0.8525785803794861,0.9589771032333374
0.9226431846618652,0.9945928454399109,0.8775586485862732,0.9757417440414429
0.927537739276886,0.9965918660163879,0.8126118779182434,0.9517989158630371
0.9414580464363098,0.9951680898666382,0.962539553642273,0.9924821257591248
0.9403283596038818,0.9963287711143494,0.8314438462257385,0.964236855506897
0.9132120609283447,0.9934461712837219,0.900898814201355,0.984273374080658
0.9099045991897583,0.995507538318634,0.8692227602005005,0.9748197793960571
0.9152559041976929,0.9908816814422607,0.9377461671829224,0.9922536015510559
0.9194954633712769,0.9964372515678406,0.8970061540603638,0.9812180995941162
0.881229817867279,0.9920859932899475,0.9443323016166687,0.978814959526062
0.8561533689498901,0.9929649829864502,0.8560823798179626,0.9627768397331238
0.9328725934028625,0.9959993958473206,0.9487740397453308,0.9871062636375427
0.8463226556777954,0.9889653921127319,0.9441023468971252,0.98701012134552
0.923331081867218,0.9935281872749329,0.946383535861969,0.9899060726165771
0.945070207118988,0.9961591958999634,0.8572832345962524,0.9786498546600342
0.9472391605377197,0.9948384165763855,0.9149707555770874,0.9847351312637329
0.9357978701591492,0.9954638481140137,0.9024737477302551,0.9874539375305176
0.9363559484481812,0.995245635509491,0.9594680070877075,0.9912033081054688
0.9391268491744995,0.9971868991851807,0.9545009732246399,0.9927113652229309
0.9404191970825195,0.9956218004226685,0.867495059967041,0.9738348722457886
0.940952718257904,0.9954317212104797,0.9483458399772644,0.990927517414093
0.9306964874267578,0.994319498538971,0.9012407064437866,0.9808188080787659
0.8755811452865601,0.9724269509315491,0.8781563639640808,0.942260205745697
0.9467519521713257,0.9963304996490479,0.8988925218582153,0.978693425655365
0.9446098208427429,0.9960551857948303,0.8746525049209595,0.9808056950569153
0.9350790977478027,0.9942737221717834,0.8196883797645569,0.898716926574707
0.8875726461410522,0.9944162368774414,0.8144267797470093,0.9193894267082214
0.8673787117004395,0.9903684258460999,0.8867323398590088,0.9795199632644653
0.9364415407180786,0.9966261386871338,0.8966797590255737,0.9833325147628784
0.9305150508880615,0.9968307018280029,0.8274121284484863,0.9558616280555725
0.9244087934494019,0.9944183826446533,0.8260697722434998,0.9373310208320618
0.9461559057235718,0.9967976808547974,0.9148781299591064,0.985332727432251
0.9174882769584656,0.9910907745361328,0.9312382936477661,0.9890336990356445
0.9535379409790039,0.9960678815841675,0.9208652973175049,0.9769270420074463
0.941737174987793,0.9969503283500671,0.9162672162055969,0.9895046353340149
0.9574925303459167,0.9971928596496582,0.8311996459960938,0.9516313076019287
0.947673499584198,0.9952880144119263,0.8798848390579224,0.9770128130912781
0.9295576810836792,0.9952208399772644,0.9124773144721985,0.9857479929924011
0.9020252227783203,0.9955633282661438,0.9057788848876953,0.9841428995132446
0.9334374070167542,0.9969174265861511,0.9513009786605835,0.9913290739059448
0.9465556740760803,0.9966741800308228,0.8216063976287842,0.9056236147880554
0.9052771329879761,0.9927366375923157,0.9434782862663269,0.9843294620513916
0.8934918642044067,0.989897608757019,0.7994836568832397,0.908392071723938
0.9647060036659241,0.99793541431427,0.9234857559204102,0.9884501695632935
0.9054921865463257,0.9902786016464233,0.7867993116378784,0.9027850031852722
0.8860278129577637,0.9926257729530334,0.9357386231422424,0.9813618063926697
0.9116262197494507,0.9928082227706909,0.9093539118766785,0.9875093102455139
0.9143441319465637,0.9955983757972717,0.888984739780426,0.9929203391075134
0.8797522783279419,0.9936304688453674,0.8339757919311523,0.937903881072998
0.9322825074195862,0.9939271211624146,0.7545009255409241,0.8498227000236511
0.8812193870544434,0.9922178387641907,0.9613468647003174,0.9898239374160767
0.9493644833564758,0.9974851608276367,0.9531747698783875,0.9923837780952454
0.9250104427337646,0.9929960370063782,0.9159999489784241,0.9893870949745178
0.807884156703949,0.989920973777771,0.9178906679153442,0.9915926456451416
0.8894751667976379,0.9939877986907959,0.9155696034431458,0.9831283092498779
0.9398605823516846,0.9971252083778381,0.8902656435966492,0.9887825846672058
0.8906997442245483,0.9944283962249756,0.9331139326095581,0.9930073618888855
0.9364237785339355,0.9960958957672119,0.9515420198440552,0.9920122623443604
0.9549778699874878,0.9967394471168518,0.9403964877128601,0.9857626557350159
0.8619116544723511,0.9942631125450134,0.8948581218719482,0.9842250347137451
0.9448707699775696,0.9966224431991577,0.9021704196929932,0.9764694571495056
0.951948344707489,0.9969033598899841,0.9182049632072449,0.9890737533569336
0.9346394538879395,0.9941346645355225,0.9538440704345703,0.9860610961914062
0.9521960616111755,0.9959136247634888,0.9183117747306824,0.9866582155227661
0.9082657098770142,0.9946979880332947,0.8417642712593079,0.9410903453826904
0.9258851408958435,0.9955609440803528,0.9120237827301025,0.9911786317825317
0.9404281377792358,0.9952882528305054,0.9403271079063416,0.9861624836921692
0.9396738409996033,0.9952399730682373,0.8993106484413147,0.974632740020752
0.9386091232299805,0.9938311576843262,0.879633903503418,0.9744488000869751
0.932754397392273,0.995250940322876,0.931373119354248,0.9918367266654968
0.9353007078170776,0.9959068298339844,0.9532385468482971,0.988530695438385
0.8499028086662292,0.9921923875808716,0.914575457572937,0.9810570478439331
0.9346839189529419,0.9945322275161743,0.8992930054664612,0.9710307121276855
0.9123995900154114,0.9910364151000977,0.8313239812850952,0.9224052429199219
0.8854293823242188,0.9886859059333801,0.9179924130439758,0.985389769077301
0.8904508352279663,0.9940720796585083,0.9467819333076477,0.9886144399642944
0.9524124264717102,0.997103750705719,0.8768458962440491,0.9826629161834717
0.8933734893798828,0.9923338890075684,0.9204049110412598,0.9890540838241577
0.9146838188171387,0.9941537976264954,0.944996178150177,0.9889556765556335
0.9396286606788635,0.9957021474838257,0.940683126449585,0.9829596281051636
0.9221768379211426,0.9934346079826355,0.9494136571884155,0.9929033517837524
0.9083322882652283,0.989604115486145,0.9144299030303955,0.982192873954773
0.944112241268158,0.9971887469291687,0.9581703543663025,0.990617573261261
0.9246412515640259,0.9959346652030945,0.8848366737365723,0.9869452714920044
0.8588905334472656,0.991225004196167,0.7730898857116699,0.8706333041191101
0.9230257868766785,0.9917349219322205,0.9455773234367371,0.9856154918670654
0.9050602316856384,0.9917415380477905,0.9571014642715454,0.9879059195518494
0.9196738600730896,0.9910183548927307,0.9175016283988953,0.9889007806777954
0.9427441358566284,0.9965334534645081,0.9445815682411194,0.9927981495857239
0.9353070259094238,0.9951544404029846,0.9254530072212219,0.9817250967025757
0.914940595626831,0.9966621994972229,0.9396564364433289,0.9868627786636353
0.9524553418159485,0.9966183304786682,0.8399418592453003,0.9583686590194702
0.930076539516449,0.9948636889457703,0.9088054895401001,0.9856635928153992
0.9508002400398254,0.9961757659912109,0.798069179058075,0.9180614352226257
0.7533143758773804,0.9843999743461609,0.8381830453872681,0.8634260892868042
0.8606892228126526,0.9936839938163757,0.89034104347229,0.9836703538894653
0.9127664566040039,0.9961195588111877,0.842401385307312,0.9723129868507385
0.9528744220733643,0.9977591037750244,0.9473919868469238,0.9910678863525391
0.9266017079353333,0.995445191860199,0.9472447037696838,0.9889836311340332
0.9600332379341125,0.9967387914657593,0.9633955359458923,0.9931658506393433
0.9549915790557861,0.9948422312736511,0.824442446231842,0.9570468068122864
0.9301417469978333,0.9967078566551208,0.9105045199394226,0.9850875735282898
0.9298738241195679,0.995055079460144,0.9077563285827637,0.9821634292602539
0.9387525320053101,0.9940130710601807,0.8615803122520447,0.9762826561927795
0.9375878572463989,0.9963735938072205,0.9611320495605469,0.9894067049026489
0.8587556481361389,0.9931899309158325,0.892027735710144,0.9773332476615906
0.8964120149612427,0.9942454099655151,0.8896969556808472,0.9845755100250244
0.9112856984138489,0.9947379231452942,0.8213210701942444,0.9106932878494263
0.9575746655464172,0.9962868094444275,0.9136691093444824,0.9791590571403503
0.9166340827941895,0.9954798221588135,0.8613384962081909,0.9295957088470459
0.9041321873664856,0.99416583776474,0.9350287318229675,0.9878377318382263
0.9009993672370911,0.9937480688095093,0.8071246147155762,0.9341179728507996
0.9382875561714172,0.9949048757553101,0.9234612584114075,0.9885120987892151
0.9304309487342834,0.9951272010803223,0.9333651065826416,0.982820451259613
0.9005457758903503,0.9937214851379395,0.9025927186012268,0.9368793964385986
0.8929618000984192,0.9948039650917053,0.9552447199821472,0.9891383051872253
0.9169091582298279,0.9951646327972412,0.8409367203712463,0.9433901906013489
0.8922459483146667,0.9942750334739685,0.9229728579521179,0.9895666241645813
0.9209045767784119,0.9969211220741272,0.9272612929344177,0.9885203838348389
0.9346190094947815,0.9927278161048889,0.8109572529792786,0.9516519904136658
0.9335089921951294,0.9944680333137512,0.9629788994789124,0.9909204244613647
0.8586717247962952,0.9947019815444946,0.9459128975868225,0.9863212704658508
0.924048900604248,0.9922756552696228,0.8705720901489258,0.9741546511650085
0.9442007541656494,0.9955753087997437,0.8926191926002502,0.976296603679657
0.9102144241333008,0.9916634559631348,0.8712647557258606,0.9303363561630249
0.9289116859436035,0.9970061182975769,0.9447770714759827,0.99119633436203
0.9418945908546448,0.996036946773529,0.8862240314483643,0.9822432994842529
0.9355685710906982,0.995983898639679,0.9440618753433228,0.9917924404144287
0.9343568086624146,0.996842086315155,0.9431355595588684,0.9887672662734985
0.9354016780853271,0.9966371059417725,0.9443548321723938,0.9910343885421753
0.9194694757461548,0.9925724267959595,0.9272252917289734,0.9753043055534363
0.920692503452301,0.9948722720146179,0.8448310494422913,0.9705506563186646
0.9258324503898621,0.9957653284072876,0.8388670086860657,0.9138303995132446
0.8834573030471802,0.9960286021232605,0.9514164328575134,0.9919193983078003
0.9435586333274841,0.9947090148925781,0.9315322041511536,0.9896532893180847
